"","ID","host.age","class"
"1","ERR589441",39,"kreport"
"2","ERR589442",59,"kreport"
"3","ERR589443",59,"kreport"
"4","ERR589485",62,"kreport"
"5","ERR589501",58,"kreport"
"6","ERR589503",45,"kreport"
"7","ERR589504",38,"kreport"
"8","ERR589505",32,"kreport"
"9","ERR589506",32,"kreport"
"10","ERR589507",51,"kreport"
"11","ERR589508",48,"kreport"
"12","ERR589509",35,"kreport"
"13","ERR589510",53,"kreport"
"14","ERR589511",61,"kreport"
"15","ERR589512",37,"kreport"
"16","ERR589513",54,"kreport"
"17","ERR589527",37,"kreport"
"18","ERR589528",51,"kreport"
"19","ERR589529",33,"kreport"
"20","ERR589530",64,"kreport"
"21","ERR589531",50,"kreport"
"22","ERR589532",61,"kreport"
"23","ERR589533",42,"kreport"
"24","ERR589534",36,"kreport"
"25","ERR589535",46,"kreport"
"26","ERR589536",55,"kreport"
"27","ERR589537",59,"kreport"
"28","ERR589538",27,"kreport"
"29","ERR589539",40,"kreport"
"30","ERR589540",44,"kreport"
"31","ERR589542",48,"kreport"
"32","ERR589543",56,"kreport"
"33","ERR589544",58,"kreport"
"34","ERR589545",42,"kreport"
"35","ERR589546",57,"kreport"
"36","ERR589547",41,"kreport"
"37","ERR589548",44,"kreport"
"38","ERR589549",57,"kreport"
"39","ERR589550",43,"kreport"
"40","ERR589551",46,"kreport"
"41","ERR589552",38,"kreport"
"42","ERR589553",36,"kreport"
"43","ERR589554",39,"kreport"
"44","ERR589555",27,"kreport"
"45","ERR589558",56,"kreport"
"46","ERR589559",52,"kreport"
"47","ERR589560",53,"kreport"
"48","ERR589561",59,"kreport"
"49","ERR589563",62,"kreport"
"50","ERR589565",61,"kreport"
"51","ERR589566",36,"kreport"
"52","ERR589567",53,"kreport"
"53","ERR589568",53,"kreport"
"54","ERR589569",57,"kreport"
"55","ERR589570",55,"kreport"
"56","ERR589571",35,"kreport"
"57","ERR589572",65,"kreport"
"58","ERR589574",50,"kreport"
"59","ERR589575",26,"kreport"
"60","ERR589576",59,"kreport"
"61","ERR589577",49,"kreport"
"62","ERR589578",36,"kreport"
"63","ERR589579",26,"kreport"
"64","ERR589580",55,"kreport"
"65","ERR589581",60,"kreport"
"66","ERR589582",47,"kreport"
"67","ERR589583",36,"kreport"
"68","ERR589585",36,"kreport"
"69","ERR589586",56,"kreport"
"70","ERR589587",44,"kreport"
"71","ERR589589",49,"kreport"
"72","ERR589590",47,"kreport"
"73","ERR589591",41,"kreport"
"74","ERR589592",46,"kreport"
"75","ERR589593",34,"kreport"
"76","ERR589594",48,"kreport"
"77","ERR589595",52,"kreport"
"78","ERR589732",49,"kreport"
"79","ERR589733",36,"kreport"
"80","ERR589734",36,"kreport"
"81","ERR589735",53,"kreport"
"82","ERR589736",34,"kreport"
"83","ERR589737",34,"kreport"
"84","ERR589738",51,"kreport"
"85","ERR589740",39,"kreport"
"86","ERR589741",41,"kreport"
"87","ERR589742",57,"kreport"
"88","ERR589744",54,"kreport"
"89","ERR589745",40,"kreport"
"90","ERR589747",65,"kreport"
"91","ERR589748",61,"kreport"
"92","ERR589749",52,"kreport"
"93","ERR589754",43,"kreport"
"94","ERR589755",55,"kreport"
"95","ERR589756",48,"kreport"
"96","ERR589759",46,"kreport"
"97","ERR589761",54,"kreport"
"98","ERR589763",50,"kreport"
"99","ERR589764",58,"kreport"
"100","ERR589766",28,"kreport"
"101","ERR589767",24,"kreport"
"102","ERR589768",45,"kreport"
"103","ERR589769",67,"kreport"
"104","ERR589770",55,"kreport"
"105","ERR589771",59,"kreport"
"106","ERR589772",63,"kreport"
"107","ERR589773",52,"kreport"
"108","ERR589774",56,"kreport"
"109","ERR589775",63,"kreport"
"110","ERR589776",48,"kreport"
"111","ERR589777",53,"kreport"
"112","ERR589778",40,"kreport"
"113","ERR589779",54,"kreport"
"114","ERR589780",54,"kreport"
"115","ERR589781",56,"kreport"
"116","ERR589782",52,"kreport"
"117","ERR589784",39,"kreport"
"118","ERR589785",38,"kreport"
"119","ERR589786",57,"kreport"
"120","ERR589788",32,"kreport"
"121","ERR589789",30,"kreport"
"122","ERR589790",44,"kreport"
"123","ERR589791",43,"kreport"
"124","ERR589792",48,"kreport"
"125","ERR589793",46,"kreport"
"126","ERR589794",40,"kreport"
"127","ERR589795",42,"kreport"
"128","ERR589796",45,"kreport"
"129","ERR589797",46,"kreport"
"130","ERR589798",53,"kreport"
"131","ERR589799",44,"kreport"
"132","ERR589800",41,"kreport"
"133","ERR589801",54,"kreport"
"134","ERR589804",46,"kreport"
"135","ERR589805",48,"kreport"
"136","ERR589806",41,"kreport"
"137","ERR589807",42,"kreport"
"138","ERR589808",36,"kreport"
"139","ERR589809",54,"kreport"
"140","ERR589810",43,"kreport"
"141","ERR589811",38,"kreport"
"142","ERR589813",34,"kreport"
"143","ERR589814",47,"kreport"
"144","ERR589817",43,"kreport"
"145","ERR589818",46,"kreport"
"146","ERR589819",54,"kreport"
"147","ERR589820",52,"kreport"
"148","ERR589821",45,"kreport"
"149","ERR589825",45,"kreport"
"150","ERR589826",41,"kreport"
"151","ERR589827",40,"kreport"
"152","ERR589828",39,"kreport"
"153","ERR589829",44,"kreport"
"154","ERR589830",37,"kreport"
"155","ERR589831",42,"kreport"
"156","ERR589833",70,"kreport"
"157","ERR589835",53,"kreport"
"158","ERR589836",50,"kreport"
"159","ERR589837",35,"kreport"
"160","ERR589839",25,"kreport"
"161","ERR589842",45,"kreport"
"162","ERR589843",53,"kreport"
"163","ERR589845",48,"kreport"
"164","ERR589846",36,"kreport"
"165","ERR589847",44,"kreport"
"166","ERR589848",42,"kreport"
"167","ERR589849",35,"kreport"
"168","ERR589850",37,"kreport"
"169","ERR589851",24,"kreport"
"170","ERR589852",22,"kreport"
"171","ERR589853",19,"kreport"
"172","ERR589854",45,"kreport"
"173","ERR589855",52,"kreport"
"174","ERR589856",24,"kreport"
"175","ERR589857",28,"kreport"
"176","ERR589858",68,"kreport"
"177","ERR589859",27,"kreport"
"178","ERR589860",44,"kreport"
"179","ERR589861",47,"kreport"
"180","ERR589862",38,"kreport"
"181","ERR589863",54,"kreport"
"182","ERR589864",57,"kreport"
"183","ERR589865",41,"kreport"
"184","ERR589866",47,"kreport"
"185","ERR589867",48,"kreport"
"186","ERR589868",23,"kreport"
"187","ERR589869",57,"kreport"
"188","ERR589870",48,"kreport"
"189","ERR589871",38,"kreport"
"190","ERR589872",39,"kreport"
"191","ERR589873",42,"kreport"
"192","ERR589874",48,"kreport"
"193","ERR589875",46,"kreport"
